epoch,step,split,eval_scope,eval_batches,eval_max_batches,loss,lr,val_mse,val_mse_lo,val_mse_hi,val_mae,val_mae_lo,val_mae_hi,test_mse,test_mse_lo,test_mse_hi,test_mae,test_mae_lo,test_mae_hi
0,20,train,,,,7575.683922338486,1.076923076923077e-05,,,,,,,,,,,,
0,40,train,,,,4349.044196009636,2e-05,,,,,,,,,,,,
0,60,train,,,,6905.257079648972,2e-05,,,,,,,,,,,,
0,80,train,,,,4203.163491535187,2e-05,,,,,,,,,,,,
0,100,train,,,,5348.876083183289,2e-05,,,,,,,,,,,,
0,120,train,,,,8478.02866230011,2e-05,,,,,,,,,,,,
0,140,train,,,,5013.238626909256,2e-05,,,,,,,,,,,,
0,160,train,,,,3978.0039776802064,2e-05,,,,,,,,,,,,
0,180,train,,,,3038.1308074474337,2e-05,,,,,,,,,,,,
0,200,train,,,,2484.320572710037,2e-05,,,,,,,,,,,,
0,200,,step,32,32,,,12.02778148651123,11.345062255859375,12.685646057128906,2.5398175716400146,2.4724342823028564,2.593621015548706,,,,,,
0,220,train,,,,4662.800773477555,2e-05,,,,,,,,,,,,
0,240,train,,,,3030.0297075271606,2e-05,,,,,,,,,,,,
0,260,train,,,,2898.5659915447236,2e-05,,,,,,,,,,,,
0,280,train,,,,1717.1215480804444,2e-05,,,,,,,,,,,,
0,300,train,,,,3281.339476585388,2e-05,,,,,,,,,,,,
0,320,train,,,,2358.8430564880373,2e-05,,,,,,,,,,,,
0,340,train,,,,2205.534268927574,2e-05,,,,,,,,,,,,
0,360,train,,,,2316.94183678627,2e-05,,,,,,,,,,,,
0,380,train,,,,2207.2615815639497,2e-05,,,,,,,,,,,,
0,400,train,,,,3153.3123911142347,2e-05,,,,,,,,,,,,
0,400,,step,32,32,,,8.701870918273926,8.149681091308594,9.269868850708008,2.166344165802002,2.110999345779419,2.221033811569214,,,,,,
0,420,train,,,,2095.651138532162,2e-05,,,,,,,,,,,,
0,440,train,,,,4160.807419252395,2e-05,,,,,,,,,,,,
0,460,train,,,,1614.7609173297883,2e-05,,,,,,,,,,,,
0,480,train,,,,2137.419303870201,2e-05,,,,,,,,,,,,
0,500,train,,,,1975.00977165699,2e-05,,,,,,,,,,,,
0,520,train,,,,3459.87059135437,2e-05,,,,,,,,,,,,
0,540,train,,,,1476.2483033418655,2e-05,,,,,,,,,,,,
0,560,train,,,,2690.9848099708556,2e-05,,,,,,,,,,,,
0,580,train,,,,3538.8265370845793,2e-05,,,,,,,,,,,,
0,600,train,,,,2224.482653594017,2e-05,,,,,,,,,,,,
0,600,,step,32,32,,,6.874365329742432,6.478348731994629,7.307732582092285,1.915070652961731,1.863961100578308,1.9640657901763916,,,,,,
0,620,train,,,,834.4325140953064,2e-05,,,,,,,,,,,,
0,640,train,,,,1052.5211101055145,2e-05,,,,,,,,,,,,
0,660,train,,,,2073.0401363372803,2e-05,,,,,,,,,,,,
0,680,train,,,,1934.6994510173797,2e-05,,,,,,,,,,,,
0,700,train,,,,1636.216317653656,2e-05,,,,,,,,,,,,
0,720,train,,,,1504.5982010602952,2e-05,,,,,,,,,,,,
0,740,train,,,,2225.1313536167145,2e-05,,,,,,,,,,,,
0,760,train,,,,1453.5364006519317,2e-05,,,,,,,,,,,,
0,780,train,,,,2506.803391075134,2e-05,,,,,,,,,,,,
0,800,train,,,,2835.2365350723267,2e-05,,,,,,,,,,,,
0,800,,step,32,32,,,5.3220319747924805,5.028576374053955,5.623365879058838,1.684451699256897,1.6351878643035889,1.7260394096374512,,,,,,
0,820,train,,,,1232.1731280565261,2e-05,,,,,,,,,,,,
0,840,train,,,,1873.127416062355,2e-05,,,,,,,,,,,,
0,860,train,,,,1566.3510922670364,2e-05,,,,,,,,,,,,
0,880,train,,,,2316.8993448019028,2e-05,,,,,,,,,,,,
0,900,train,,,,705.4755480647087,2e-05,,,,,,,,,,,,
0,920,train,,,,1314.6649033904075,2e-05,,,,,,,,,,,,
0,940,train,,,,1211.2866025567055,2e-05,,,,,,,,,,,,
0,960,train,,,,414.1583279132843,2e-05,,,,,,,,,,,,
0,980,train,,,,241.34093322753907,2e-05,,,,,,,,,,,,
0,1000,train,,,,435.6152158498764,2e-05,,,,,,,,,,,,
0,1000,,step,32,32,,,4.287802696228027,4.049200057983398,4.533644676208496,1.5151110887527466,1.4691190719604492,1.5535234212875366,,,,,,
0,1020,train,,,,2208.8431124687195,2e-05,,,,,,,,,,,,
0,1040,train,,,,1152.7421525359155,2e-05,,,,,,,,,,,,
0,1060,train,,,,900.6706649065018,2e-05,,,,,,,,,,,,
0,1080,train,,,,297.44401133060455,2e-05,,,,,,,,,,,,
0,1100,train,,,,188.47906806468964,2e-05,,,,,,,,,,,,
0,1120,train,,,,1094.1143904566766,2e-05,,,,,,,,,,,,
0,1140,train,,,,410.0840268731117,2e-05,,,,,,,,,,,,
0,1160,train,,,,527.1713879466057,2e-05,,,,,,,,,,,,
0,1180,train,,,,1279.7979405641556,2e-05,,,,,,,,,,,,
0,1200,train,,,,1289.978437447548,2e-05,,,,,,,,,,,,
0,1200,,step,32,32,,,3.567186117172241,3.3716070652008057,3.751145124435425,1.3834223747253418,1.344981074333191,1.4192712306976318,,,,,,
0,1220,train,,,,358.80926299095154,2e-05,,,,,,,,,,,,
0,1240,train,,,,581.1541350126266,2e-05,,,,,,,,,,,,
0,1260,train,,,,741.5605860471726,2e-05,,,,,,,,,,,,
0,1280,train,,,,445.2734500527382,2e-05,,,,,,,,,,,,
0,1300,train,,,,978.4252782106399,2e-05,,,,,,,,,,,,
0,1320,train,,,,1050.4995758771897,2e-05,,,,,,,,,,,,
0,1340,train,,,,726.6900183200836,2e-05,,,,,,,,,,,,
0,1360,train,,,,376.8987042427063,2e-05,,,,,,,,,,,,
0,1380,train,,,,626.2263128876687,2e-05,,,,,,,,,,,,
0,1400,train,,,,72.36852793693542,2e-05,,,,,,,,,,,,
0,1400,,step,32,32,,,2.9447288513183594,2.7883713245391846,3.1037251949310303,1.25464928150177,1.2191740274429321,1.2855231761932373,,,,,,
0,1420,train,,,,478.546357190609,2e-05,,,,,,,,,,,,
0,1440,train,,,,383.97585571408274,2e-05,,,,,,,,,,,,
0,1460,train,,,,387.888953268528,2e-05,,,,,,,,,,,,
0,1480,train,,,,500.63046583533287,2e-05,,,,,,,,,,,,
0,1500,train,,,,637.4916726112366,2e-05,,,,,,,,,,,,
0,1520,train,,,,409.92637860774994,2e-05,,,,,,,,,,,,
0,1540,train,,,,223.57135051488876,2e-05,,,,,,,,,,,,
0,1560,train,,,,524.7853551864624,2e-05,,,,,,,,,,,,
0,1580,train,,,,162.9911157667637,2e-05,,,,,,,,,,,,
0,1600,train,,,,216.42486143112183,2e-05,,,,,,,,,,,,
0,1600,,step,32,32,,,2.53149151802063,2.377974033355713,2.6676080226898193,1.1553999185562134,1.1237783432006836,1.1852024793624878,,,,,,
0,1620,train,,,,221.44631243944167,2e-05,,,,,,,,,,,,
0,1640,train,,,,569.0327464044094,2e-05,,,,,,,,,,,,
0,1660,train,,,,308.52526407837865,2e-05,,,,,,,,,,,,
0,1680,train,,,,269.00124394893646,2e-05,,,,,,,,,,,,
0,1700,train,,,,368.8798145711422,2e-05,,,,,,,,,,,,
0,1720,train,,,,275.85155448913576,2e-05,,,,,,,,,,,,
0,1740,train,,,,297.3972679138184,2e-05,,,,,,,,,,,,
0,1760,train,,,,374.78674577474595,2e-05,,,,,,,,,,,,
0,1780,train,,,,354.76338720321655,2e-05,,,,,,,,,,,,
0,1800,train,,,,168.49090329408645,2e-05,,,,,,,,,,,,
0,1800,,step,32,32,,,2.1758711338043213,2.049018621444702,2.298610210418701,1.063952922821045,1.0342880487442017,1.0910524129867554,,,,,,
0,1820,train,,,,270.72305874824525,2e-05,,,,,,,,,,,,
0,1840,train,,,,214.06046525239944,2e-05,,,,,,,,,,,,
0,1860,train,,,,229.22319731116295,2e-05,,,,,,,,,,,,
0,1880,train,,,,468.98684763908386,2e-05,,,,,,,,,,,,
0,1900,train,,,,342.1366168797016,2e-05,,,,,,,,,,,,
0,1920,train,,,,195.05622703433036,2e-05,,,,,,,,,,,,
0,1940,train,,,,115.30633816719055,2e-05,,,,,,,,,,,,
0,1960,train,,,,130.95206112861632,2e-05,,,,,,,,,,,,
0,1980,train,,,,231.19899542331694,2e-05,,,,,,,,,,,,
0,2000,train,,,,234.1101146876812,2e-05,,,,,,,,,,,,
0,2000,,step,32,32,,,1.8782429695129395,1.7683881521224976,1.9890613555908203,0.9813690185546875,0.9539334177970886,1.0078004598617554,,,,,,
0,2020,train,,,,338.74075103998183,2e-05,,,,,,,,,,,,
0,2040,train,,,,46.8095569729805,2e-05,,,,,,,,,,,,
0,2060,train,,,,133.4630002975464,2e-05,,,,,,,,,,,,
0,2080,train,,,,145.15960423946382,2e-05,,,,,,,,,,,,
0,2100,train,,,,107.73816151618958,2e-05,,,,,,,,,,,,
0,2120,train,,,,47.271944218873976,2e-05,,,,,,,,,,,,
0,2140,train,,,,108.17560348510742,2e-05,,,,,,,,,,,,
0,2160,train,,,,244.2750088095665,2e-05,,,,,,,,,,,,
0,2180,train,,,,208.6662897348404,2e-05,,,,,,,,,,,,
0,2200,train,,,,56.19980782866478,2e-05,,,,,,,,,,,,
0,2200,,step,32,32,,,1.6262154579162598,1.531490683555603,1.7244246006011963,0.9040399193763733,0.8795709609985352,0.9287593364715576,,,,,,
0,2220,train,,,,160.54996393918992,2e-05,,,,,,,,,,,,
0,2240,train,,,,149.49633390307426,2e-05,,,,,,,,,,,,
0,2260,train,,,,97.29957717061043,2e-05,,,,,,,,,,,,
0,2280,train,,,,23.082111173868178,2e-05,,,,,,,,,,,,
0,2300,train,,,,127.37750781178474,2e-05,,,,,,,,,,,,
0,2320,train,,,,236.27791828513145,2e-05,,,,,,,,,,,,
0,2340,train,,,,168.01024668812752,2e-05,,,,,,,,,,,,
0,2360,train,,,,83.64086147546769,2e-05,,,,,,,,,,,,
0,2380,train,,,,163.1471597492695,2e-05,,,,,,,,,,,,
0,2400,train,,,,138.19841221570968,2e-05,,,,,,,,,,,,
0,2400,,step,32,32,,,1.4730417728424072,1.387937068939209,1.5539511442184448,0.8518145680427551,0.828001081943512,0.8772739171981812,,,,,,
0,2420,train,,,,108.29052649736404,2e-05,,,,,,,,,,,,
0,2440,train,,,,113.79341298341751,2e-05,,,,,,,,,,,,
0,2460,train,,,,176.7078524649143,2e-05,,,,,,,,,,,,
0,2480,train,,,,74.81596688628197,2e-05,,,,,,,,,,,,
0,2500,train,,,,122.50228293538093,2e-05,,,,,,,,,,,,
0,2520,train,,,,123.63751978874207,2e-05,,,,,,,,,,,,
0,2540,train,,,,135.54531393647193,2e-05,,,,,,,,,,,,
0,2560,train,,,,54.368238288164136,2e-05,,,,,,,,,,,,
0,2580,train,,,,72.92844897508621,2e-05,,,,,,,,,,,,
0,2600,train,,,,29.04413197040558,2e-05,,,,,,,,,,,,
0,2600,,step,32,32,,,1.337633490562439,1.2587507963180542,1.4135524034500122,0.8015081882476807,0.7794681787490845,0.826856255531311,,,,,,
0,2620,train,,,,41.646140229702,2e-05,,,,,,,,,,,,
0,2640,train,,,,42.275349009037015,2e-05,,,,,,,,,,,,
0,2660,train,,,,32.19758937954903,2e-05,,,,,,,,,,,,
0,2680,train,,,,48.842011123895645,2e-05,,,,,,,,,,,,
0,2700,train,,,,58.45874308943748,2e-05,,,,,,,,,,,,
0,2720,train,,,,44.90100695490837,2e-05,,,,,,,,,,,,
0,2740,train,,,,63.10495207309723,2e-05,,,,,,,,,,,,
0,2760,train,,,,26.97578689455986,2e-05,,,,,,,,,,,,
0,2780,train,,,,97.45211830139161,2e-05,,,,,,,,,,,,
0,2800,train,,,,58.26661046147346,2e-05,,,,,,,,,,,,
0,2800,,step,32,32,,,1.2288804054260254,1.1521447896957397,1.3025110960006714,0.7576254606246948,0.7355290055274963,0.782073974609375,,,,,,
0,2820,train,,,,55.39188213348389,2e-05,,,,,,,,,,,,
0,2840,train,,,,42.53726179599762,2e-05,,,,,,,,,,,,
0,2860,train,,,,23.638503688573838,2e-05,,,,,,,,,,,,
0,2880,train,,,,52.250919848680496,2e-05,,,,,,,,,,,,
0,2900,train,,,,42.02557264566421,2e-05,,,,,,,,,,,,
0,2920,train,,,,14.684433996677399,2e-05,,,,,,,,,,,,
0,2940,train,,,,37.06854892969132,2e-05,,,,,,,,,,,,
0,2960,train,,,,70.2416123509407,2e-05,,,,,,,,,,,,
0,2980,train,,,,28.333517068624495,2e-05,,,,,,,,,,,,
0,3000,train,,,,23.478653138875963,2e-05,,,,,,,,,,,,
0,3000,,step,32,32,,,1.1523455381393433,1.0732518434524536,1.228255033493042,0.7240135669708252,0.7029935717582703,0.7473756670951843,,,,,,
0,3020,train,,,,53.23885677456856,2e-05,,,,,,,,,,,,
0,3040,train,,,,12.728743022680282,2e-05,,,,,,,,,,,,
0,3060,train,,,,31.82346482872963,2e-05,,,,,,,,,,,,
0,3080,train,,,,20.77704777121544,2e-05,,,,,,,,,,,,
0,3100,train,,,,37.838699930906294,2e-05,,,,,,,,,,,,
0,3120,train,,,,22.40162129998207,2e-05,,,,,,,,,,,,
0,3140,train,,,,4.448431658744812,2e-05,,,,,,,,,,,,
0,3160,train,,,,45.842107474803925,2e-05,,,,,,,,,,,,
0,3180,train,,,,27.09651370048523,2e-05,,,,,,,,,,,,
0,3200,train,,,,28.4101590692997,2e-05,,,,,,,,,,,,
0,3200,,step,32,32,,,1.0920376777648926,1.0108988285064697,1.1694246530532837,0.6961299180984497,0.6750728487968445,0.7182309031486511,,,,,,
0,3220,train,,,,34.81741002202034,2e-05,,,,,,,,,,,,
0,3240,train,,,,24.187830513715745,2e-05,,,,,,,,,,,,
0,3260,train,,,,12.892874908447265,2e-05,,,,,,,,,,,,
0,3280,train,,,,24.70867627263069,2e-05,,,,,,,,,,,,
0,3300,train,,,,32.11132788658142,2e-05,,,,,,,,,,,,
0,3320,train,,,,25.080388993024826,2e-05,,,,,,,,,,,,
0,3340,train,,,,35.89371076822281,2e-05,,,,,,,,,,,,
0,3360,train,,,,13.928241807222367,2e-05,,,,,,,,,,,,
0,3380,train,,,,15.539123779535293,2e-05,,,,,,,,,,,,
0,3400,train,,,,22.79913572072983,2e-05,,,,,,,,,,,,
0,3400,,step,32,32,,,1.0508313179016113,0.9701947569847107,1.1298142671585083,0.67496657371521,0.6535356640815735,0.696259081363678,,,,,,
0,3420,train,,,,14.496521317958832,2e-05,,,,,,,,,,,,
0,3440,train,,,,5.696969360113144,2e-05,,,,,,,,,,,,
0,3460,train,,,,12.259695655107498,2e-05,,,,,,,,,,,,
0,3480,train,,,,12.061570739746093,2e-05,,,,,,,,,,,,
0,3500,train,,,,17.57458297610283,2e-05,,,,,,,,,,,,
0,3520,train,,,,2.7078062921762465,2e-05,,,,,,,,,,,,
0,3540,train,,,,9.157463252544403,2e-05,,,,,,,,,,,,
0,3560,train,,,,5.525256073474884,2e-05,,,,,,,,,,,,
0,3580,train,,,,20.82988584637642,2e-05,,,,,,,,,,,,
0,3600,train,,,,19.785555410385133,2e-05,,,,,,,,,,,,
0,3600,,step,32,32,,,1.016239047050476,0.9373916983604431,1.095023274421692,0.657516360282898,0.6375064253807068,0.6785826086997986,,,,,,
0,3620,train,,,,21.114471685886382,2e-05,,,,,,,,,,,,
0,3640,train,,,,10.992360597848892,2e-05,,,,,,,,,,,,
0,3660,train,,,,14.049795067310333,2e-05,,,,,,,,,,,,
0,3680,train,,,,12.219971543550491,2e-05,,,,,,,,,,,,
0,3700,train,,,,2.5784129559993745,2e-05,,,,,,,,,,,,
0,3720,train,,,,16.351549711823463,2e-05,,,,,,,,,,,,
0,3740,train,,,,10.211303198337555,2e-05,,,,,,,,,,,,
0,3760,train,,,,17.98272876739502,2e-05,,,,,,,,,,,,
0,3780,train,,,,11.28092679977417,2e-05,,,,,,,,,,,,
0,3800,train,,,,30.240811002254485,2e-05,,,,,,,,,,,,
0,3800,,step,32,32,,,0.9902536869049072,0.9127925038337708,1.0689470767974854,0.64360111951828,0.6252503991127014,0.6651970744132996,,,,,,
0,3820,train,,,,6.043870544433593,2e-05,,,,,,,,,,,,
0,3840,train,,,,17.066790300607682,2e-05,,,,,,,,,,,,
0,3860,train,,,,12.73663557767868,2e-05,,,,,,,,,,,,
0,3880,train,,,,18.500046688318253,2e-05,,,,,,,,,,,,
0,3900,train,,,,20.214851206541063,2e-05,,,,,,,,,,,,
0,3920,train,,,,12.2986692070961,2e-05,,,,,,,,,,,,
0,3940,train,,,,10.520688068866729,2e-05,,,,,,,,,,,,
0,3960,train,,,,16.29567198753357,2e-05,,,,,,,,,,,,
0,3980,train,,,,14.104892617464065,2e-05,,,,,,,,,,,,
0,4000,train,,,,17.81671934723854,2e-05,,,,,,,,,,,,
0,4000,,step,32,32,,,0.9728431701660156,0.8963891267776489,1.0509225130081177,0.6330731511116028,0.6150511503219604,0.6550927758216858,,,,,,
0,4020,train,,,,6.916027790307998,2e-05,,,,,,,,,,,,
0,4040,train,,,,3.3794160306453707,2e-05,,,,,,,,,,,,
0,4060,train,,,,12.534741973876953,2e-05,,,,,,,,,,,,
0,4080,train,,,,9.300479805469513,2e-05,,,,,,,,,,,,
0,4100,train,,,,7.0009160220623015,2e-05,,,,,,,,,,,,
0,4120,train,,,,8.387329536676408,2e-05,,,,,,,,,,,,
0,4140,train,,,,10.38095526099205,2e-05,,,,,,,,,,,,
0,4160,train,,,,7.7877033114433285,2e-05,,,,,,,,,,,,
0,4180,train,,,,4.522022861242294,2e-05,,,,,,,,,,,,
0,4200,train,,,,4.915142548084259,2e-05,,,,,,,,,,,,
0,4200,,step,32,32,,,0.9556286334991455,0.880359947681427,1.0328959226608276,0.6231847405433655,0.6049385070800781,0.6451772451400757,,,,,,
0,4220,train,,,,3.730472820997238,2e-05,,,,,,,,,,,,
0,4240,train,,,,8.544441372156143,2e-05,,,,,,,,,,,,
0,4260,train,,,,8.578634193539619,2e-05,,,,,,,,,,,,
0,4280,train,,,,2.390555089712143,2e-05,,,,,,,,,,,,
0,4300,train,,,,7.45034921169281,2e-05,,,,,,,,,,,,
0,4320,train,,,,15.661420130729676,2e-05,,,,,,,,,,,,
0,4340,train,,,,9.90374750494957,2e-05,,,,,,,,,,,,
0,4358,train_epoch,,,,,1.5000000000000002e-05,,,,,,,,,,,,
0,4358,,epoch,128,128,,,0.9359992146492004,0.8980039954185486,0.9707505106925964,0.6147417426109314,0.6033706068992615,0.6243781447410583,0.9313079118728638,0.9035069346427917,0.9587150812149048,0.6458468437194824,0.6350096464157104,0.6554959416389465
1,4360,train,,,,0.10926311016082764,1.5000000000000002e-05,,,,,,,,,,,,
1,4380,train,,,,9.493475222587586,1.5000000000000002e-05,,,,,,,,,,,,
1,4400,train,,,,9.021210515499115,1.5000000000000002e-05,,,,,,,,,,,,
1,4400,,step,32,32,,,0.9395465850830078,0.8737626075744629,1.0177468061447144,0.6131222248077393,0.5926498770713806,0.6303258538246155,,,,,,
1,4420,train,,,,5.267289578914642,1.5000000000000002e-05,,,,,,,,,,,,
1,4440,train,,,,7.745134004950524,1.5000000000000002e-05,,,,,,,,,,,,
1,4460,train,,,,6.047265216708183,1.5000000000000002e-05,,,,,,,,,,,,
1,4480,train,,,,6.722169065475464,1.5000000000000002e-05,,,,,,,,,,,,
1,4500,train,,,,11.199991074204444,1.5000000000000002e-05,,,,,,,,,,,,
1,4520,train,,,,7.048859333992004,1.5000000000000002e-05,,,,,,,,,,,,
1,4540,train,,,,6.78665646314621,1.5000000000000002e-05,,,,,,,,,,,,
1,4560,train,,,,5.62581656575203,1.5000000000000002e-05,,,,,,,,,,,,
1,4580,train,,,,3.873320072889328,1.5000000000000002e-05,,,,,,,,,,,,
1,4600,train,,,,7.307936435937881,1.5000000000000002e-05,,,,,,,,,,,,
1,4600,,step,32,32,,,0.9287188053131104,0.8629927039146423,1.0070257186889648,0.6064356565475464,0.5860971212387085,0.6229097843170166,,,,,,
1,4620,train,,,,5.697105818986893,1.5000000000000002e-05,,,,,,,,,,,,
1,4640,train,,,,5.6580263555049894,1.5000000000000002e-05,,,,,,,,,,,,
1,4660,train,,,,3.458981269598007,1.5000000000000002e-05,,,,,,,,,,,,
1,4680,train,,,,6.109859842061996,1.5000000000000002e-05,,,,,,,,,,,,
1,4700,train,,,,4.668105489015579,1.5000000000000002e-05,,,,,,,,,,,,
1,4720,train,,,,4.306193080544472,1.5000000000000002e-05,,,,,,,,,,,,
1,4740,train,,,,4.677854502201081,1.5000000000000002e-05,,,,,,,,,,,,
1,4760,train,,,,4.978271815180778,1.5000000000000002e-05,,,,,,,,,,,,
1,4780,train,,,,5.54175688624382,1.5000000000000002e-05,,,,,,,,,,,,
1,4800,train,,,,3.9687113225460053,1.5000000000000002e-05,,,,,,,,,,,,
1,4800,,step,32,32,,,0.9152968525886536,0.850581705570221,0.9930126070976257,0.5992273688316345,0.579682469367981,0.6160047054290771,,,,,,
1,4820,train,,,,6.722846573591232,1.5000000000000002e-05,,,,,,,,,,,,
1,4840,train,,,,3.2474158316850663,1.5000000000000002e-05,,,,,,,,,,,,
1,4860,train,,,,4.138236802816391,1.5000000000000002e-05,,,,,,,,,,,,
1,4880,train,,,,4.0482206583023075,1.5000000000000002e-05,,,,,,,,,,,,
1,4900,train,,,,6.505884116888046,1.5000000000000002e-05,,,,,,,,,,,,
1,4920,train,,,,3.328201559185982,1.5000000000000002e-05,,,,,,,,,,,,
1,4940,train,,,,5.202070492506027,1.5000000000000002e-05,,,,,,,,,,,,
1,4960,train,,,,6.15911965072155,1.5000000000000002e-05,,,,,,,,,,,,
1,4980,train,,,,4.9770202994346615,1.5000000000000002e-05,,,,,,,,,,,,
1,5000,train,,,,2.7604282915592195,1.5000000000000002e-05,,,,,,,,,,,,
1,5000,,step,32,32,,,0.9058699011802673,0.8424661159515381,0.9836953282356262,0.5939180254936218,0.574627161026001,0.6109567880630493,,,,,,
1,5020,train,,,,2.6265225648880004,1.5000000000000002e-05,,,,,,,,,,,,
1,5040,train,,,,5.244264012575149,1.5000000000000002e-05,,,,,,,,,,,,
1,5060,train,,,,4.205243253707886,1.5000000000000002e-05,,,,,,,,,,,,
1,5080,train,,,,3.953613966703415,1.5000000000000002e-05,,,,,,,,,,,,
1,5100,train,,,,3.3600292414426804,1.5000000000000002e-05,,,,,,,,,,,,
1,5120,train,,,,4.327418088912964,1.5000000000000002e-05,,,,,,,,,,,,
1,5140,train,,,,4.133321830630303,1.5000000000000002e-05,,,,,,,,,,,,
1,5160,train,,,,6.174347826838494,1.5000000000000002e-05,,,,,,,,,,,,
1,5180,train,,,,6.490494340658188,1.5000000000000002e-05,,,,,,,,,,,,
1,5200,train,,,,3.5456520199775694,1.5000000000000002e-05,,,,,,,,,,,,
1,5200,,step,32,32,,,0.8956102728843689,0.8332257270812988,0.973443329334259,0.5884579420089722,0.5694337487220764,0.6054273843765259,,,,,,
1,5220,train,,,,4.665442410111427,1.5000000000000002e-05,,,,,,,,,,,,
1,5240,train,,,,4.023299059271812,1.5000000000000002e-05,,,,,,,,,,,,
1,5260,train,,,,5.203419265151024,1.5000000000000002e-05,,,,,,,,,,,,
1,5280,train,,,,3.1924962759017945,1.5000000000000002e-05,,,,,,,,,,,,
1,5300,train,,,,4.3396390914917,1.5000000000000002e-05,,,,,,,,,,,,
1,5320,train,,,,3.7327038019895555,1.5000000000000002e-05,,,,,,,,,,,,
1,5340,train,,,,1.980908840894699,1.5000000000000002e-05,,,,,,,,,,,,
1,5360,train,,,,1.4439874053001405,1.5000000000000002e-05,,,,,,,,,,,,
1,5380,train,,,,2.089626967906952,1.5000000000000002e-05,,,,,,,,,,,,
1,5400,train,,,,5.184623038768768,1.5000000000000002e-05,,,,,,,,,,,,
1,5400,,step,32,32,,,0.8858480453491211,0.8234056234359741,0.96372389793396,0.5834552049636841,0.5645706653594971,0.6005000472068787,,,,,,
1,5420,train,,,,2.8905903697013855,1.5000000000000002e-05,,,,,,,,,,,,
1,5440,train,,,,3.282190388441086,1.5000000000000002e-05,,,,,,,,,,,,
1,5460,train,,,,1.8060976952314376,1.5000000000000002e-05,,,,,,,,,,,,
1,5480,train,,,,1.3719064325094223,1.5000000000000002e-05,,,,,,,,,,,,
1,5500,train,,,,3.742377018928528,1.5000000000000002e-05,,,,,,,,,,,,
1,5520,train,,,,1.9027307629585266,1.5000000000000002e-05,,,,,,,,,,,,
1,5540,train,,,,2.5453886151313783,1.5000000000000002e-05,,,,,,,,,,,,
1,5560,train,,,,4.323563414812088,1.5000000000000002e-05,,,,,,,,,,,,
1,5580,train,,,,4.2314550399780275,1.5000000000000002e-05,,,,,,,,,,,,
1,5600,train,,,,2.0999978303909304,1.5000000000000002e-05,,,,,,,,,,,,
1,5600,,step,32,32,,,0.8769829273223877,0.8144950866699219,0.9545120596885681,0.5794832706451416,0.56045001745224,0.5968210697174072,,,,,,
1,5620,train,,,,3.0266798228025436,1.5000000000000002e-05,,,,,,,,,,,,
1,5640,train,,,,3.245329684019089,1.5000000000000002e-05,,,,,,,,,,,,
1,5660,train,,,,2.526496121287346,1.5000000000000002e-05,,,,,,,,,,,,
1,5680,train,,,,3.7680033177137373,1.5000000000000002e-05,,,,,,,,,,,,
1,5700,train,,,,3.990673154592514,1.5000000000000002e-05,,,,,,,,,,,,
1,5720,train,,,,3.4567639142274857,1.5000000000000002e-05,,,,,,,,,,,,
1,5740,train,,,,2.368293744325638,1.5000000000000002e-05,,,,,,,,,,,,
1,5760,train,,,,3.078600084781647,1.5000000000000002e-05,,,,,,,,,,,,
1,5780,train,,,,1.22793088555336,1.5000000000000002e-05,,,,,,,,,,,,
1,5800,train,,,,2.6441593170166016,1.5000000000000002e-05,,,,,,,,,,,,
1,5800,,step,32,32,,,0.8720341324806213,0.8091610074043274,0.9497489929199219,0.5772127509117126,0.5579746961593628,0.5945843458175659,,,,,,
1,5820,train,,,,2.306336781382561,1.5000000000000002e-05,,,,,,,,,,,,
1,5840,train,,,,2.0496581226587294,1.5000000000000002e-05,,,,,,,,,,,,
1,5860,train,,,,2.7560182869434358,1.5000000000000002e-05,,,,,,,,,,,,
1,5880,train,,,,3.104303792119026,1.5000000000000002e-05,,,,,,,,,,,,
1,5900,train,,,,2.384696885943413,1.5000000000000002e-05,,,,,,,,,,,,
1,5920,train,,,,2.005013433098793,1.5000000000000002e-05,,,,,,,,,,,,
1,5940,train,,,,3.053956726193428,1.5000000000000002e-05,,,,,,,,,,,,
1,5960,train,,,,1.4399840652942657,1.5000000000000002e-05,,,,,,,,,,,,
1,5980,train,,,,1.8941144436597823,1.5000000000000002e-05,,,,,,,,,,,,
1,6000,train,,,,2.034758672118187,1.5000000000000002e-05,,,,,,,,,,,,
1,6000,,step,32,32,,,0.8626286387443542,0.7998813986778259,0.9397947788238525,0.5728580951690674,0.5535166263580322,0.5903369784355164,,,,,,
1,6020,train,,,,3.075994756817818,1.5000000000000002e-05,,,,,,,,,,,,
1,6040,train,,,,2.2381507992744445,1.5000000000000002e-05,,,,,,,,,,,,
1,6060,train,,,,2.0158826023340226,1.5000000000000002e-05,,,,,,,,,,,,
1,6080,train,,,,2.2882927745580672,1.5000000000000002e-05,,,,,,,,,,,,
1,6100,train,,,,2.193929749727249,1.5000000000000002e-05,,,,,,,,,,,,
1,6120,train,,,,2.343250486254692,1.5000000000000002e-05,,,,,,,,,,,,
1,6140,train,,,,3.2081733345985413,1.5000000000000002e-05,,,,,,,,,,,,
1,6160,train,,,,2.8276422798633574,1.5000000000000002e-05,,,,,,,,,,,,
1,6180,train,,,,1.7023501247167587,1.5000000000000002e-05,,,,,,,,,,,,
1,6200,train,,,,2.1101587384939196,1.5000000000000002e-05,,,,,,,,,,,,
1,6200,,step,32,32,,,0.8553298115730286,0.7928574085235596,0.9321486949920654,0.5693888068199158,0.5500208735466003,0.5869443416595459,,,,,,
1,6220,train,,,,1.9852399110794068,1.5000000000000002e-05,,,,,,,,,,,,
1,6240,train,,,,2.174156293272972,1.5000000000000002e-05,,,,,,,,,,,,
1,6260,train,,,,3.0691525280475616,1.5000000000000002e-05,,,,,,,,,,,,
1,6280,train,,,,2.6767966479063032,1.5000000000000002e-05,,,,,,,,,,,,
1,6300,train,,,,1.853067573904991,1.5000000000000002e-05,,,,,,,,,,,,
1,6320,train,,,,1.6274831980466842,1.5000000000000002e-05,,,,,,,,,,,,
1,6340,train,,,,1.8334031462669373,1.5000000000000002e-05,,,,,,,,,,,,
1,6360,train,,,,2.228441932797432,1.5000000000000002e-05,,,,,,,,,,,,
1,6380,train,,,,2.134337282180786,1.5000000000000002e-05,,,,,,,,,,,,
1,6400,train,,,,2.69319763481617,1.5000000000000002e-05,,,,,,,,,,,,
1,6400,,step,32,32,,,0.8486509323120117,0.7871434688568115,0.9251514673233032,0.5661735534667969,0.546890914440155,0.5839616656303406,,,,,,
1,6420,train,,,,1.1517285108566284,1.5000000000000002e-05,,,,,,,,,,,,
1,6440,train,,,,1.7392698854207993,1.5000000000000002e-05,,,,,,,,,,,,
1,6460,train,,,,1.8009898662567139,1.5000000000000002e-05,,,,,,,,,,,,
1,6480,train,,,,1.7120254427194594,1.5000000000000002e-05,,,,,,,,,,,,
1,6500,train,,,,1.2081306010484696,1.5000000000000002e-05,,,,,,,,,,,,
1,6520,train,,,,1.5705493450164796,1.5000000000000002e-05,,,,,,,,,,,,
1,6540,train,,,,2.4153815120458604,1.5000000000000002e-05,,,,,,,,,,,,
1,6560,train,,,,2.2244925022125246,1.5000000000000002e-05,,,,,,,,,,,,
1,6580,train,,,,1.3330701500177384,1.5000000000000002e-05,,,,,,,,,,,,
1,6600,train,,,,1.9180831164121628,1.5000000000000002e-05,,,,,,,,,,,,
1,6600,,step,32,32,,,0.8435045480728149,0.7825390100479126,0.9197190999984741,0.5638060569763184,0.5447606444358826,0.5815594792366028,,,,,,
1,6620,train,,,,1.822455221414566,1.5000000000000002e-05,,,,,,,,,,,,
1,6640,train,,,,1.58878912627697,1.5000000000000002e-05,,,,,,,,,,,,
1,6660,train,,,,1.110559380054474,1.5000000000000002e-05,,,,,,,,,,,,
1,6680,train,,,,1.8135385900735854,1.5000000000000002e-05,,,,,,,,,,,,
1,6700,train,,,,2.380301856994629,1.5000000000000002e-05,,,,,,,,,,,,
1,6720,train,,,,2.17238230407238,1.5000000000000002e-05,,,,,,,,,,,,
1,6740,train,,,,1.6239063262939453,1.5000000000000002e-05,,,,,,,,,,,,
1,6760,train,,,,2.2897334665060045,1.5000000000000002e-05,,,,,,,,,,,,
1,6780,train,,,,1.890916958451271,1.5000000000000002e-05,,,,,,,,,,,,
1,6800,train,,,,2.0950542747974397,1.5000000000000002e-05,,,,,,,,,,,,
1,6800,,step,32,32,,,0.8355168104171753,0.7754993438720703,0.9114638566970825,0.5598919987678528,0.5410745143890381,0.5775179862976074,,,,,,
1,6820,train,,,,1.7809140861034394,1.5000000000000002e-05,,,,,,,,,,,,
1,6840,train,,,,2.3674227595329285,1.5000000000000002e-05,,,,,,,,,,,,
1,6860,train,,,,1.6691513866186143,1.5000000000000002e-05,,,,,,,,,,,,
1,6880,train,,,,2.0034193962812425,1.5000000000000002e-05,,,,,,,,,,,,
1,6900,train,,,,1.8801528066396713,1.5000000000000002e-05,,,,,,,,,,,,
1,6920,train,,,,2.043397617340088,1.5000000000000002e-05,,,,,,,,,,,,
1,6940,train,,,,1.442282348871231,1.5000000000000002e-05,,,,,,,,,,,,
1,6960,train,,,,1.5658384293317795,1.5000000000000002e-05,,,,,,,,,,,,
1,6980,train,,,,1.2892325341701507,1.5000000000000002e-05,,,,,,,,,,,,
1,7000,train,,,,1.2515719711780549,1.5000000000000002e-05,,,,,,,,,,,,
1,7000,,step,32,32,,,0.8290770649909973,0.7699640989303589,0.9046725034713745,0.5569432377815247,0.5383283495903015,0.5743906497955322,,,,,,
1,7020,train,,,,1.3614086002111434,1.5000000000000002e-05,,,,,,,,,,,,
1,7040,train,,,,1.2924755811691284,1.5000000000000002e-05,,,,,,,,,,,,
1,7060,train,,,,1.5395808666944504,1.5000000000000002e-05,,,,,,,,,,,,
1,7080,train,,,,1.5512807488441467,1.5000000000000002e-05,,,,,,,,,,,,
1,7100,train,,,,1.3675286710262298,1.5000000000000002e-05,,,,,,,,,,,,
1,7120,train,,,,1.5037749648094176,1.5000000000000002e-05,,,,,,,,,,,,
1,7140,train,,,,1.282806897163391,1.5000000000000002e-05,,,,,,,,,,,,
1,7160,train,,,,2.0073195159435273,1.5000000000000002e-05,,,,,,,,,,,,
1,7180,train,,,,1.54221510887146,1.5000000000000002e-05,,,,,,,,,,,,
1,7200,train,,,,1.5249751478433609,1.5000000000000002e-05,,,,,,,,,,,,
1,7200,,step,32,32,,,0.8253047466278076,0.7668860554695129,0.9006689786911011,0.5551946759223938,0.5366054773330688,0.5724717378616333,,,,,,
1,7220,train,,,,1.4006030589342118,1.5000000000000002e-05,,,,,,,,,,,,
1,7240,train,,,,1.213250634074211,1.5000000000000002e-05,,,,,,,,,,,,
1,7260,train,,,,1.5191591531038284,1.5000000000000002e-05,,,,,,,,,,,,
1,7280,train,,,,1.355099931359291,1.5000000000000002e-05,,,,,,,,,,,,
1,7300,train,,,,1.112908774614334,1.5000000000000002e-05,,,,,,,,,,,,
1,7320,train,,,,1.27169429063797,1.5000000000000002e-05,,,,,,,,,,,,
1,7340,train,,,,1.5691274166107179,1.5000000000000002e-05,,,,,,,,,,,,
1,7360,train,,,,1.3288013815879822,1.5000000000000002e-05,,,,,,,,,,,,
1,7380,train,,,,1.21393620967865,1.5000000000000002e-05,,,,,,,,,,,,
1,7400,train,,,,1.5525700062513352,1.5000000000000002e-05,,,,,,,,,,,,
1,7400,,step,32,32,,,0.8176314234733582,0.7600293755531311,0.8924230337142944,0.551793098449707,0.5333907008171082,0.5689890384674072,,,,,,
1,7420,train,,,,1.1025867760181427,1.5000000000000002e-05,,,,,,,,,,,,
1,7440,train,,,,1.3807711720466613,1.5000000000000002e-05,,,,,,,,,,,,
1,7460,train,,,,1.244038563966751,1.5000000000000002e-05,,,,,,,,,,,,
1,7480,train,,,,1.4722451210021972,1.5000000000000002e-05,,,,,,,,,,,,
1,7500,train,,,,1.1884879052639008,1.5000000000000002e-05,,,,,,,,,,,,
1,7520,train,,,,0.9811588823795319,1.5000000000000002e-05,,,,,,,,,,,,
1,7540,train,,,,1.4719103276729584,1.5000000000000002e-05,,,,,,,,,,,,
1,7560,train,,,,1.2455205917358398,1.5000000000000002e-05,,,,,,,,,,,,
1,7580,train,,,,1.3510394603013993,1.5000000000000002e-05,,,,,,,,,,,,
1,7600,train,,,,1.429061383008957,1.5000000000000002e-05,,,,,,,,,,,,
1,7600,,step,32,32,,,0.8110139966011047,0.7541185021400452,0.8854702711105347,0.5487177968025208,0.5304720401763916,0.5658310055732727,,,,,,
1,7620,train,,,,1.2378076672554017,1.5000000000000002e-05,,,,,,,,,,,,
1,7640,train,,,,1.0710834503173827,1.5000000000000002e-05,,,,,,,,,,,,
1,7660,train,,,,1.3134707897901534,1.5000000000000002e-05,,,,,,,,,,,,
1,7680,train,,,,1.3599052220582961,1.5000000000000002e-05,,,,,,,,,,,,
1,7700,train,,,,1.2842379242181778,1.5000000000000002e-05,,,,,,,,,,,,
1,7720,train,,,,1.3918668627738953,1.5000000000000002e-05,,,,,,,,,,,,
1,7740,train,,,,1.1273863643407822,1.5000000000000002e-05,,,,,,,,,,,,
1,7760,train,,,,1.1387581944465637,1.5000000000000002e-05,,,,,,,,,,,,
1,7780,train,,,,1.2218865782022477,1.5000000000000002e-05,,,,,,,,,,,,
1,7800,train,,,,1.1436548084020615,1.5000000000000002e-05,,,,,,,,,,,,
1,7800,,step,32,32,,,0.8058521151542664,0.7494503855705261,0.8799580931663513,0.5463507771492004,0.528296709060669,0.5632475018501282,,,,,,
1,7820,train,,,,1.0415046155452727,1.5000000000000002e-05,,,,,,,,,,,,
1,7840,train,,,,1.2125039905309678,1.5000000000000002e-05,,,,,,,,,,,,
1,7860,train,,,,1.1707277417182922,1.5000000000000002e-05,,,,,,,,,,,,
1,7880,train,,,,1.2604370355606078,1.5000000000000002e-05,,,,,,,,,,,,
1,7900,train,,,,0.968983992934227,1.5000000000000002e-05,,,,,,,,,,,,
1,7920,train,,,,1.0584135979413987,1.5000000000000002e-05,,,,,,,,,,,,
1,7940,train,,,,1.0742331832647323,1.5000000000000002e-05,,,,,,,,,,,,
1,7960,train,,,,1.4216686844825746,1.5000000000000002e-05,,,,,,,,,,,,
1,7980,train,,,,1.413150030374527,1.5000000000000002e-05,,,,,,,,,,,,
1,8000,train,,,,1.2756926774978639,1.5000000000000002e-05,,,,,,,,,,,,
1,8000,,step,32,32,,,0.793323814868927,0.7379924058914185,0.8668006658554077,0.5407447814941406,0.5227880477905273,0.5574955344200134,,,,,,
1,8020,train,,,,1.103452429175377,1.5000000000000002e-05,,,,,,,,,,,,
1,8040,train,,,,1.1397503405809402,1.5000000000000002e-05,,,,,,,,,,,,
1,8060,train,,,,1.1675526738166808,1.5000000000000002e-05,,,,,,,,,,,,
1,8080,train,,,,0.9118714243173599,1.5000000000000002e-05,,,,,,,,,,,,
1,8100,train,,,,1.25107242166996,1.5000000000000002e-05,,,,,,,,,,,,
1,8120,train,,,,1.1852708518505097,1.5000000000000002e-05,,,,,,,,,,,,
1,8140,train,,,,1.1602086037397386,1.5000000000000002e-05,,,,,,,,,,,,
1,8160,train,,,,1.109079322218895,1.5000000000000002e-05,,,,,,,,,,,,
1,8180,train,,,,1.5003960192203523,1.5000000000000002e-05,,,,,,,,,,,,
1,8200,train,,,,1.183109027147293,1.5000000000000002e-05,,,,,,,,,,,,
1,8200,,step,32,32,,,0.7877067923545837,0.732642412185669,0.8607192635536194,0.5383676290512085,0.5204253792762756,0.5550412535667419,,,,,,
1,8220,train,,,,1.2348560839891434,1.5000000000000002e-05,,,,,,,,,,,,
1,8240,train,,,,1.1462073266506194,1.5000000000000002e-05,,,,,,,,,,,,
1,8260,train,,,,1.2500674247741699,1.5000000000000002e-05,,,,,,,,,,,,
1,8280,train,,,,1.3879492700099945,1.5000000000000002e-05,,,,,,,,,,,,
1,8300,train,,,,1.2017200738191605,1.5000000000000002e-05,,,,,,,,,,,,
1,8320,train,,,,1.1467623502016067,1.5000000000000002e-05,,,,,,,,,,,,
1,8340,train,,,,1.1959511935710907,1.5000000000000002e-05,,,,,,,,,,,,
1,8360,train,,,,1.181118869781494,1.5000000000000002e-05,,,,,,,,,,,,
1,8380,train,,,,1.320072528719902,1.5000000000000002e-05,,,,,,,,,,,,
1,8400,train,,,,1.084013956785202,1.5000000000000002e-05,,,,,,,,,,,,
1,8400,,step,32,32,,,0.7822232842445374,0.7274900078773499,0.8548554182052612,0.5358874797821045,0.5179335474967957,0.5523877143859863,,,,,,
1,8420,train,,,,0.9096457898616791,1.5000000000000002e-05,,,,,,,,,,,,
1,8440,train,,,,1.1774942845106124,1.5000000000000002e-05,,,,,,,,,,,,
1,8460,train,,,,1.092493289709091,1.5000000000000002e-05,,,,,,,,,,,,
1,8480,train,,,,1.03909210562706,1.5000000000000002e-05,,,,,,,,,,,,
1,8500,train,,,,1.067894771695137,1.5000000000000002e-05,,,,,,,,,,,,
1,8520,train,,,,1.0942455410957337,1.5000000000000002e-05,,,,,,,,,,,,
1,8540,train,,,,1.0575049668550491,1.5000000000000002e-05,,,,,,,,,,,,
1,8560,train,,,,0.9701369196176529,1.5000000000000002e-05,,,,,,,,,,,,
1,8580,train,,,,1.0214942663908004,1.5000000000000002e-05,,,,,,,,,,,,
1,8600,train,,,,0.9724271982908249,1.5000000000000002e-05,,,,,,,,,,,,
1,8600,,step,32,32,,,0.7756185531616211,0.7212945818901062,0.8477436900138855,0.5331044793128967,0.5152796506881714,0.5495585203170776,,,,,,
1,8620,train,,,,1.0052421897649766,1.5000000000000002e-05,,,,,,,,,,,,
1,8640,train,,,,1.0934220016002656,1.5000000000000002e-05,,,,,,,,,,,,
1,8660,train,,,,0.9681861788034439,1.5000000000000002e-05,,,,,,,,,,,,
1,8680,train,,,,1.0839606732130052,1.5000000000000002e-05,,,,,,,,,,,,
1,8700,train,,,,1.138602465391159,1.5000000000000002e-05,,,,,,,,,,,,
1,8720,train,,,,1.1669302791357041,1.5000000000000002e-05,,,,,,,,,,,,
1,8737,train_epoch,,,,,5.000000000000003e-06,,,,,,,,,,,,
1,8737,,epoch,128,128,,,0.7596540451049805,0.729137659072876,0.7898008823394775,0.529293417930603,0.5205693244934082,0.538449227809906,0.7900619506835938,0.7593211531639099,0.8164990544319153,0.5788356065750122,0.5701659917831421,0.5885792970657349
2,8740,train,,,,0.1663329005241394,5.000000000000003e-06,,,,,,,,,,,,
2,8760,train,,,,1.108269590139389,5.000000000000003e-06,,,,,,,,,,,,
2,8780,train,,,,1.1208674222230912,5.000000000000003e-06,,,,,,,,,,,,
2,8800,train,,,,0.9946695178747177,5.000000000000003e-06,,,,,,,,,,,,
2,8800,,step,32,32,,,0.7705304026603699,0.7167893648147583,0.8190276622772217,0.5308382511138916,0.5133815407752991,0.5497618913650513,,,,,,
2,8820,train,,,,1.1570887356996535,5.000000000000003e-06,,,,,,,,,,,,
2,8840,train,,,,1.0357892364263535,5.000000000000003e-06,,,,,,,,,,,,
2,8860,train,,,,1.213140931725502,5.000000000000003e-06,,,,,,,,,,,,
2,8880,train,,,,1.1032701820135116,5.000000000000003e-06,,,,,,,,,,,,
2,8900,train,,,,1.1204338401556015,5.000000000000003e-06,,,,,,,,,,,,
2,8920,train,,,,1.0335901200771331,5.000000000000003e-06,,,,,,,,,,,,
2,8940,train,,,,1.043664699792862,5.000000000000003e-06,,,,,,,,,,,,
2,8960,train,,,,1.02081398665905,5.000000000000003e-06,,,,,,,,,,,,
2,8980,train,,,,1.2441708773374558,5.000000000000003e-06,,,,,,,,,,,,
2,9000,train,,,,1.0529123425483704,5.000000000000003e-06,,,,,,,,,,,,
2,9000,,step,32,32,,,0.7665295600891113,0.7129161357879639,0.8148154020309448,0.5292117595672607,0.5118284225463867,0.5480459928512573,,,,,,
2,9020,train,,,,1.064784649014473,5.000000000000003e-06,,,,,,,,,,,,
2,9040,train,,,,0.9590621203184128,5.000000000000003e-06,,,,,,,,,,,,
2,9060,train,,,,1.0405887812376022,5.000000000000003e-06,,,,,,,,,,,,
2,9080,train,,,,1.0637317150831223,5.000000000000003e-06,,,,,,,,,,,,
2,9100,train,,,,1.0408262997865676,5.000000000000003e-06,,,,,,,,,,,,
2,9120,train,,,,1.0590391725301742,5.000000000000003e-06,,,,,,,,,,,,
2,9140,train,,,,1.009942963719368,5.000000000000003e-06,,,,,,,,,,,,
2,9160,train,,,,1.1190136611461639,5.000000000000003e-06,,,,,,,,,,,,
2,9180,train,,,,0.9448724299669266,5.000000000000003e-06,,,,,,,,,,,,
2,9200,train,,,,1.1260159730911254,5.000000000000003e-06,,,,,,,,,,,,
2,9200,,step,32,32,,,0.7621972560882568,0.7087215185165405,0.8103216886520386,0.5273113250732422,0.510036289691925,0.5460700988769531,,,,,,
2,9220,train,,,,1.0737503618001938,5.000000000000003e-06,,,,,,,,,,,,
2,9240,train,,,,0.9982018083333969,5.000000000000003e-06,,,,,,,,,,,,
2,9260,train,,,,0.9776992648839951,5.000000000000003e-06,,,,,,,,,,,,
2,9280,train,,,,1.1803915411233903,5.000000000000003e-06,,,,,,,,,,,,
2,9300,train,,,,1.0005805969238282,5.000000000000003e-06,,,,,,,,,,,,
2,9320,train,,,,1.058896106481552,5.000000000000003e-06,,,,,,,,,,,,
2,9340,train,,,,1.0650632828474045,5.000000000000003e-06,,,,,,,,,,,,
2,9360,train,,,,1.074324682354927,5.000000000000003e-06,,,,,,,,,,,,
2,9380,train,,,,1.0099297255277633,5.000000000000003e-06,,,,,,,,,,,,
2,9400,train,,,,0.9671763062477112,5.000000000000003e-06,,,,,,,,,,,,
2,9400,,step,32,32,,,0.7576611638069153,0.7043192386627197,0.8055357336997986,0.5253527164459229,0.5081609487533569,0.5440208911895752,,,,,,
2,9420,train,,,,1.118465042114258,5.000000000000003e-06,,,,,,,,,,,,
2,9440,train,,,,1.0079393088817596,5.000000000000003e-06,,,,,,,,,,,,
2,9460,train,,,,1.071240484714508,5.000000000000003e-06,,,,,,,,,,,,
2,9480,train,,,,0.983084636926651,5.000000000000003e-06,,,,,,,,,,,,
2,9500,train,,,,1.0639382481575013,5.000000000000003e-06,,,,,,,,,,,,
2,9520,train,,,,1.024299255013466,5.000000000000003e-06,,,,,,,,,,,,
2,9540,train,,,,1.1874441713094712,5.000000000000003e-06,,,,,,,,,,,,
2,9560,train,,,,1.1577391117811202,5.000000000000003e-06,,,,,,,,,,,,
2,9580,train,,,,1.0076990485191346,5.000000000000003e-06,,,,,,,,,,,,
2,9600,train,,,,1.080714812874794,5.000000000000003e-06,,,,,,,,,,,,
2,9600,,step,32,32,,,0.7543579936027527,0.7010746598243713,0.8020733594894409,0.5239677429199219,0.5068471431732178,0.5425835847854614,,,,,,
2,9620,train,,,,1.051118838787079,5.000000000000003e-06,,,,,,,,,,,,
2,9640,train,,,,1.0649160772562027,5.000000000000003e-06,,,,,,,,,,,,
2,9660,train,,,,1.0160467624664307,5.000000000000003e-06,,,,,,,,,,,,
2,9680,train,,,,1.024438500404358,5.000000000000003e-06,,,,,,,,,,,,
2,9700,train,,,,0.9879981100559234,5.000000000000003e-06,,,,,,,,,,,,
2,9720,train,,,,1.0155412524938583,5.000000000000003e-06,,,,,,,,,,,,
2,9740,train,,,,0.943602180480957,5.000000000000003e-06,,,,,,,,,,,,
2,9760,train,,,,0.9962942481040955,5.000000000000003e-06,,,,,,,,,,,,
2,9780,train,,,,1.035973346233368,5.000000000000003e-06,,,,,,,,,,,,
2,9800,train,,,,1.0821279376745223,5.000000000000003e-06,,,,,,,,,,,,
2,9800,,step,32,32,,,0.7517065405845642,0.698548436164856,0.7992668747901917,0.5228512287139893,0.5057560205459595,0.5414378046989441,,,,,,
2,9820,train,,,,0.9580177932977676,5.000000000000003e-06,,,,,,,,,,,,
2,9840,train,,,,0.9622220993041992,5.000000000000003e-06,,,,,,,,,,,,
2,9860,train,,,,0.9000227719545364,5.000000000000003e-06,,,,,,,,,,,,
2,9880,train,,,,1.0248230904340745,5.000000000000003e-06,,,,,,,,,,,,
2,9900,train,,,,0.914898830652237,5.000000000000003e-06,,,,,,,,,,,,
2,9920,train,,,,0.959020584821701,5.000000000000003e-06,,,,,,,,,,,,
2,9940,train,,,,1.0731578052043915,5.000000000000003e-06,,,,,,,,,,,,
2,9960,train,,,,1.1106450080871582,5.000000000000003e-06,,,,,,,,,,,,
2,9980,train,,,,1.036250177025795,5.000000000000003e-06,,,,,,,,,,,,
2,10000,train,,,,0.9206518203020095,5.000000000000003e-06,,,,,,,,,,,,
2,10000,,step,32,32,,,0.7456363439559937,0.6926568150520325,0.7929100394248962,0.520190417766571,0.5032915472984314,0.5386035442352295,,,,,,
2,10020,train,,,,0.9745794862508774,5.000000000000003e-06,,,,,,,,,,,,
2,10040,train,,,,0.9662919521331788,5.000000000000003e-06,,,,,,,,,,,,
2,10060,train,,,,1.0269378215074538,5.000000000000003e-06,,,,,,,,,,,,
2,10080,train,,,,1.152254119515419,5.000000000000003e-06,,,,,,,,,,,,
2,10100,train,,,,1.034884151816368,5.000000000000003e-06,,,,,,,,,,,,
2,10120,train,,,,0.9649193704128265,5.000000000000003e-06,,,,,,,,,,,,
2,10140,train,,,,1.045711562037468,5.000000000000003e-06,,,,,,,,,,,,
2,10160,train,,,,0.8846080303192139,5.000000000000003e-06,,,,,,,,,,,,
2,10180,train,,,,1.0152754038572311,5.000000000000003e-06,,,,,,,,,,,,
2,10200,train,,,,1.0223048865795135,5.000000000000003e-06,,,,,,,,,,,,
2,10200,,step,32,32,,,0.7434165477752686,0.6904908418655396,0.7906402945518494,0.5192573070526123,0.5023928880691528,0.537589430809021,,,,,,
2,10220,train,,,,0.9740475207567215,5.000000000000003e-06,,,,,,,,,,,,
2,10240,train,,,,0.9966917991638183,5.000000000000003e-06,,,,,,,,,,,,
2,10260,train,,,,1.0472266584634782,5.000000000000003e-06,,,,,,,,,,,,
2,10280,train,,,,1.02846599817276,5.000000000000003e-06,,,,,,,,,,,,
2,10300,train,,,,0.9884609580039978,5.000000000000003e-06,,,,,,,,,,,,
2,10320,train,,,,1.0772930324077605,5.000000000000003e-06,,,,,,,,,,,,
2,10340,train,,,,0.8833813786506652,5.000000000000003e-06,,,,,,,,,,,,
2,10360,train,,,,0.9706459969282151,5.000000000000003e-06,,,,,,,,,,,,
2,10380,train,,,,0.939901489019394,5.000000000000003e-06,,,,,,,,,,,,
2,10400,train,,,,1.0334602624177933,5.000000000000003e-06,,,,,,,,,,,,
2,10400,,step,32,32,,,0.7373462915420532,0.684616208076477,0.784185528755188,0.5166140198707581,0.4999244511127472,0.5347838401794434,,,,,,
2,10420,train,,,,0.9451506406068801,5.000000000000003e-06,,,,,,,,,,,,
2,10440,train,,,,0.9592345386743546,5.000000000000003e-06,,,,,,,,,,,,
2,10460,train,,,,1.0295699298381806,5.000000000000003e-06,,,,,,,,,,,,
2,10480,train,,,,0.9918421089649201,5.000000000000003e-06,,,,,,,,,,,,
2,10500,train,,,,0.9756724894046783,5.000000000000003e-06,,,,,,,,,,,,
2,10520,train,,,,1.0493293046951293,5.000000000000003e-06,,,,,,,,,,,,
2,10540,train,,,,1.049687644839287,5.000000000000003e-06,,,,,,,,,,,,
2,10560,train,,,,0.9415358543395996,5.000000000000003e-06,,,,,,,,,,,,
2,10580,train,,,,0.9347060859203339,5.000000000000003e-06,,,,,,,,,,,,
2,10600,train,,,,0.9902233272790909,5.000000000000003e-06,,,,,,,,,,,,
2,10600,,step,32,32,,,0.732501208782196,0.6799477934837341,0.7791376113891602,0.5147386789321899,0.49820899963378906,0.5327987670898438,,,,,,
2,10620,train,,,,1.036991211771965,5.000000000000003e-06,,,,,,,,,,,,
2,10640,train,,,,1.0980325013399124,5.000000000000003e-06,,,,,,,,,,,,
2,10660,train,,,,1.0696209102869034,5.000000000000003e-06,,,,,,,,,,,,
2,10680,train,,,,0.9422251582145691,5.000000000000003e-06,,,,,,,,,,,,
2,10700,train,,,,0.9420470327138901,5.000000000000003e-06,,,,,,,,,,,,
2,10720,train,,,,0.9811198472976684,5.000000000000003e-06,,,,,,,,,,,,
2,10740,train,,,,1.0339079350233078,5.000000000000003e-06,,,,,,,,,,,,
2,10760,train,,,,0.9265172481536865,5.000000000000003e-06,,,,,,,,,,,,
2,10780,train,,,,1.0778943419456481,5.000000000000003e-06,,,,,,,,,,,,
2,10800,train,,,,0.8808123111724854,5.000000000000003e-06,,,,,,,,,,,,
2,10800,,step,32,32,,,0.7306314706802368,0.678243100643158,0.7771422863006592,0.514030933380127,0.4974488615989685,0.5320326089859009,,,,,,
2,10820,train,,,,0.9460178911685944,5.000000000000003e-06,,,,,,,,,,,,
2,10840,train,,,,0.9324127763509751,5.000000000000003e-06,,,,,,,,,,,,
2,10860,train,,,,1.0041250228881835,5.000000000000003e-06,,,,,,,,,,,,
2,10880,train,,,,0.8803581207990646,5.000000000000003e-06,,,,,,,,,,,,
2,10900,train,,,,0.9728615015745163,5.000000000000003e-06,,,,,,,,,,,,
2,10920,train,,,,1.1220682978630065,5.000000000000003e-06,,,,,,,,,,,,
2,10940,train,,,,0.9849253743886948,5.000000000000003e-06,,,,,,,,,,,,
2,10960,train,,,,0.900814101099968,5.000000000000003e-06,,,,,,,,,,,,
2,10980,train,,,,0.9972202688455581,5.000000000000003e-06,,,,,,,,,,,,
2,11000,train,,,,1.0097167074680329,5.000000000000003e-06,,,,,,,,,,,,
2,11000,,step,32,32,,,0.7243308424949646,0.6721988320350647,0.770516037940979,0.5111520290374756,0.4947618544101715,0.5291162729263306,,,,,,
2,11020,train,,,,0.9544983565807342,5.000000000000003e-06,,,,,,,,,,,,
2,11040,train,,,,0.8544769138097763,5.000000000000003e-06,,,,,,,,,,,,
2,11060,train,,,,1.0000792682170867,5.000000000000003e-06,,,,,,,,,,,,
2,11080,train,,,,1.0426117330789566,5.000000000000003e-06,,,,,,,,,,,,
2,11100,train,,,,1.0176058053970336,5.000000000000003e-06,,,,,,,,,,,,
2,11120,train,,,,1.0065197199583054,5.000000000000003e-06,,,,,,,,,,,,
2,11140,train,,,,1.071746689081192,5.000000000000003e-06,,,,,,,,,,,,
2,11160,train,,,,1.0205873280763627,5.000000000000003e-06,,,,,,,,,,,,
2,11180,train,,,,1.1156296879053116,5.000000000000003e-06,,,,,,,,,,,,
2,11200,train,,,,0.9765473306179047,5.000000000000003e-06,,,,,,,,,,,,
2,11200,,step,32,32,,,0.718108594417572,0.666175127029419,0.7639694213867188,0.5084925889968872,0.49219629168510437,0.5263763666152954,,,,,,
2,11220,train,,,,1.0696474403142928,5.000000000000003e-06,,,,,,,,,,,,
2,11240,train,,,,0.9933030426502227,5.000000000000003e-06,,,,,,,,,,,,
2,11260,train,,,,0.9617375254631042,5.000000000000003e-06,,,,,,,,,,,,
2,11280,train,,,,0.9972606629133225,5.000000000000003e-06,,,,,,,,,,,,
2,11300,train,,,,1.0547714948654174,5.000000000000003e-06,,,,,,,,,,,,
2,11320,train,,,,0.9204624563455581,5.000000000000003e-06,,,,,,,,,,,,
2,11340,train,,,,0.866159000992775,5.000000000000003e-06,,,,,,,,,,,,
2,11360,train,,,,0.8759328693151474,5.000000000000003e-06,,,,,,,,,,,,
2,11380,train,,,,0.9100779801607132,5.000000000000003e-06,,,,,,,,,,,,
2,11400,train,,,,0.9155097544193268,5.000000000000003e-06,,,,,,,,,,,,
2,11400,,step,32,32,,,0.7139914035797119,0.6622888445854187,0.759621798992157,0.5067317485809326,0.4904309809207916,0.5245321989059448,,,,,,
2,11420,train,,,,0.9612172901630401,5.000000000000003e-06,,,,,,,,,,,,
2,11440,train,,,,1.0076190799474716,5.000000000000003e-06,,,,,,,,,,,,
2,11460,train,,,,0.9664242535829544,5.000000000000003e-06,,,,,,,,,,,,
2,11480,train,,,,0.9087189376354218,5.000000000000003e-06,,,,,,,,,,,,
2,11500,train,,,,0.9400885254144669,5.000000000000003e-06,,,,,,,,,,,,
2,11520,train,,,,0.9190835922956466,5.000000000000003e-06,,,,,,,,,,,,
2,11540,train,,,,1.109998220205307,5.000000000000003e-06,,,,,,,,,,,,
2,11560,train,,,,0.9234741985797882,5.000000000000003e-06,,,,,,,,,,,,
2,11580,train,,,,0.9447152972221374,5.000000000000003e-06,,,,,,,,,,,,
2,11600,train,,,,0.9130480885505676,5.000000000000003e-06,,,,,,,,,,,,
2,11600,,step,32,32,,,0.7078114151954651,0.6563277840614319,0.752964973449707,0.5041598081588745,0.4878632426261902,0.5218307971954346,,,,,,
2,11620,train,,,,0.9072219401597976,5.000000000000003e-06,,,,,,,,,,,,
2,11640,train,,,,0.9416537165641785,5.000000000000003e-06,,,,,,,,,,,,
2,11660,train,,,,0.9608168423175811,5.000000000000003e-06,,,,,,,,,,,,
2,11680,train,,,,0.8566409260034561,5.000000000000003e-06,,,,,,,,,,,,
2,11700,train,,,,0.8791697591543197,5.000000000000003e-06,,,,,,,,,,,,
2,11720,train,,,,0.9979533404111862,5.000000000000003e-06,,,,,,,,,,,,
2,11740,train,,,,0.9298557847738266,5.000000000000003e-06,,,,,,,,,,,,
2,11760,train,,,,0.8851458460092545,5.000000000000003e-06,,,,,,,,,,,,
2,11780,train,,,,0.9182207494974136,5.000000000000003e-06,,,,,,,,,,,,
2,11800,train,,,,0.8948157727718353,5.000000000000003e-06,,,,,,,,,,,,
2,11800,,step,32,32,,,0.699786365032196,0.6486867070198059,0.7444482445716858,0.5008857846260071,0.4847683310508728,0.5183901190757751,,,,,,
2,11820,train,,,,0.9676134914159775,5.000000000000003e-06,,,,,,,,,,,,
2,11840,train,,,,0.8970358967781067,5.000000000000003e-06,,,,,,,,,,,,
2,11860,train,,,,0.9931195318698883,5.000000000000003e-06,,,,,,,,,,,,
2,11880,train,,,,0.8584922939538956,5.000000000000003e-06,,,,,,,,,,,,
2,11900,train,,,,0.908598318696022,5.000000000000003e-06,,,,,,,,,,,,
2,11920,train,,,,0.9573258996009827,5.000000000000003e-06,,,,,,,,,,,,
2,11940,train,,,,0.8728766649961471,5.000000000000003e-06,,,,,,,,,,,,
2,11960,train,,,,0.8944772899150848,5.000000000000003e-06,,,,,,,,,,,,
2,11980,train,,,,0.9933471977710724,5.000000000000003e-06,,,,,,,,,,,,
2,12000,train,,,,0.8806619465351104,5.000000000000003e-06,,,,,,,,,,,,
2,12000,,step,32,32,,,0.6938072443008423,0.6430135369300842,0.7380930781364441,0.4983712434768677,0.4824495315551758,0.515777051448822,,,,,,
2,12020,train,,,,0.854011058807373,5.000000000000003e-06,,,,,,,,,,,,
2,12040,train,,,,0.8961764842271804,5.000000000000003e-06,,,,,,,,,,,,
2,12060,train,,,,0.9770989716053009,5.000000000000003e-06,,,,,,,,,,,,
2,12080,train,,,,0.9824963420629501,5.000000000000003e-06,,,,,,,,,,,,
2,12100,train,,,,0.9896061033010483,5.000000000000003e-06,,,,,,,,,,,,
2,12120,train,,,,0.827700498700142,5.000000000000003e-06,,,,,,,,,,,,
2,12140,train,,,,0.8881252408027649,5.000000000000003e-06,,,,,,,,,,,,
2,12160,train,,,,0.8538166433572769,5.000000000000003e-06,,,,,,,,,,,,
2,12180,train,,,,0.8379405945539474,5.000000000000003e-06,,,,,,,,,,,,
2,12200,train,,,,0.8560538411140441,5.000000000000003e-06,,,,,,,,,,,,
2,12200,,step,32,32,,,0.6884663105010986,0.6378527283668518,0.7324115037918091,0.4960111081600189,0.4802626669406891,0.5133786201477051,,,,,,
2,12220,train,,,,0.9871396362781525,5.000000000000003e-06,,,,,,,,,,,,
2,12240,train,,,,0.9520606130361557,5.000000000000003e-06,,,,,,,,,,,,
2,12260,train,,,,0.9148141354322433,5.000000000000003e-06,,,,,,,,,,,,
2,12280,train,,,,0.8631000548601151,5.000000000000003e-06,,,,,,,,,,,,
2,12300,train,,,,0.8394476503133774,5.000000000000003e-06,,,,,,,,,,,,
2,12320,train,,,,0.9337758898735047,5.000000000000003e-06,,,,,,,,,,,,
2,12340,train,,,,0.9674056589603424,5.000000000000003e-06,,,,,,,,,,,,
2,12360,train,,,,0.9994081139564515,5.000000000000003e-06,,,,,,,,,,,,
2,12380,train,,,,0.9216742217540741,5.000000000000003e-06,,,,,,,,,,,,
2,12400,train,,,,0.8819407820701599,5.000000000000003e-06,,,,,,,,,,,,
2,12400,,step,32,32,,,0.6774656772613525,0.6273610591888428,0.7207844257354736,0.4915004372596741,0.4758490324020386,0.5086775422096252,,,,,,
2,12420,train,,,,0.8914199143648147,5.000000000000003e-06,,,,,,,,,,,,
2,12440,train,,,,0.9015399903059006,5.000000000000003e-06,,,,,,,,,,,,
2,12460,train,,,,0.7810494065284729,5.000000000000003e-06,,,,,,,,,,,,
2,12480,train,,,,0.9085278600454331,5.000000000000003e-06,,,,,,,,,,,,
2,12500,train,,,,0.9473475754261017,5.000000000000003e-06,,,,,,,,,,,,
2,12520,train,,,,0.8929550468921661,5.000000000000003e-06,,,,,,,,,,,,
2,12540,train,,,,0.8800384491682053,5.000000000000003e-06,,,,,,,,,,,,
2,12560,train,,,,0.9578470915555954,5.000000000000003e-06,,,,,,,,,,,,
2,12580,train,,,,0.939471435546875,5.000000000000003e-06,,,,,,,,,,,,
2,12600,train,,,,0.9089357316493988,5.000000000000003e-06,,,,,,,,,,,,
2,12600,,step,32,32,,,0.6725842952728271,0.6226811408996582,0.7155473828315735,0.4894065856933594,0.4737703502178192,0.5064870119094849,,,,,,
2,12620,train,,,,0.8915228635072708,5.000000000000003e-06,,,,,,,,,,,,
2,12640,train,,,,0.9096985161304474,5.000000000000003e-06,,,,,,,,,,,,
2,12660,train,,,,1.0144523590803147,5.000000000000003e-06,,,,,,,,,,,,
2,12680,train,,,,0.9365418225526809,5.000000000000003e-06,,,,,,,,,,,,
2,12700,train,,,,0.9447537273168564,5.000000000000003e-06,,,,,,,,,,,,
2,12720,train,,,,0.9087171345949173,5.000000000000003e-06,,,,,,,,,,,,
2,12740,train,,,,0.9351774424314498,5.000000000000003e-06,,,,,,,,,,,,
2,12760,train,,,,0.9510908186435699,5.000000000000003e-06,,,,,,,,,,,,
2,12780,train,,,,0.8866879731416702,5.000000000000003e-06,,,,,,,,,,,,
2,12800,train,,,,0.775921356678009,5.000000000000003e-06,,,,,,,,,,,,
2,12800,,step,32,32,,,0.665151059627533,0.6155243515968323,0.7076913118362427,0.48614808917045593,0.47049352526664734,0.5030860304832458,,,,,,
2,12820,train,,,,0.9392210096120834,5.000000000000003e-06,,,,,,,,,,,,
2,12840,train,,,,0.8464149981737137,5.000000000000003e-06,,,,,,,,,,,,
2,12860,train,,,,0.8407242923974991,5.000000000000003e-06,,,,,,,,,,,,
2,12880,train,,,,0.8429705172777175,5.000000000000003e-06,,,,,,,,,,,,
2,12900,train,,,,0.8788295686244965,5.000000000000003e-06,,,,,,,,,,,,
2,12920,train,,,,0.8181423932313919,5.000000000000003e-06,,,,,,,,,,,,
2,12940,train,,,,0.8741713732481002,5.000000000000003e-06,,,,,,,,,,,,
2,12960,train,,,,0.8457007139921189,5.000000000000003e-06,,,,,,,,,,,,
2,12980,train,,,,0.8293433278799057,5.000000000000003e-06,,,,,,,,,,,,
2,13000,train,,,,0.7760760843753814,5.000000000000003e-06,,,,,,,,,,,,
2,13000,,step,32,32,,,0.6585685014724731,0.6094599366188049,0.7006514668464661,0.4832628071308136,0.4676594138145447,0.5001106858253479,,,,,,
2,13020,train,,,,0.8596553802490234,5.000000000000003e-06,,,,,,,,,,,,
2,13040,train,,,,0.836844602227211,5.000000000000003e-06,,,,,,,,,,,,
2,13060,train,,,,0.920764485001564,5.000000000000003e-06,,,,,,,,,,,,
2,13080,train,,,,0.8523395389318467,5.000000000000003e-06,,,,,,,,,,,,
2,13100,train,,,,0.914643594622612,5.000000000000003e-06,,,,,,,,,,,,
2,13115,train_epoch,,,,,0.0,,,,,,,,,,,,
2,13115,,epoch,128,128,,,0.6444190144538879,0.6183369755744934,0.6687062382698059,0.47969329357147217,0.4712315797805786,0.48987168073654175,0.6829124689102173,0.6620575785636902,0.7037732601165771,0.5317953824996948,0.5226742029190063,0.5418166518211365
